Index,NumMatches,NumInliers,pose00,pose01,pose02,pose03,pose10,pose11,pose12,pose13,pose20,pose21,pose22,pose23,pose30,pose31,pose32,pose33,motion00,motion01,motion02,motion03,motion10,motion11,motion12,motion13,motion20,motion21,motion22,motion23,motion30,motion31,motion32,motion33,errorR,errorT,errorM,motion,gtMotion
1,372,240,0.999984,0.00373025,0.00423522,0,-0.00375318,0.999978,0.00541909,0,-0.00421491,-0.0054349,0.999976,0,0.0204809,-0.00833429,0.67127,1,0.999984,-0.00375318,-0.00421491,0,0.00373025,0.999978,-0.0054349,0,0.00423522,0.00541909,0.999976,0,-0.0232925,0.00477331,-0.671213,1,0.367973,0.200178,0.200178,0.671634,0.860443
2,355,256,0.999962,0.00352334,0.00794771,0,-0.00358919,0.999959,0.00828649,0,-0.00791819,-0.0083147,0.999934,0,0.00591345,-0.00948371,1.38382,1,0.999993,0.000176053,-0.00371414,0,-0.000186698,0.999996,-0.00286607,0,0.00371362,0.00286675,0.999989,0,0.00890786,-0.00480742,-0.712624,1,0.484568,0.350279,0.151053,0.712696,0.859327
