Index,NumMatches,NumInliers,pose00,pose01,pose02,pose03,pose10,pose11,pose12,pose13,pose20,pose21,pose22,pose23,pose30,pose31,pose32,pose33,motion00,motion01,motion02,motion03,motion10,motion11,motion12,motion13,motion20,motion21,motion22,motion23,motion30,motion31,motion32,motion33,errorR,errorT,errorM,motion,gtMotion
1,372,240,0.999984,0.00373025,0.00423522,0,-0.00375318,0.999978,0.00541909,0,-0.00421491,-0.0054349,0.999976,0,0.0204809,-0.00833429,0.67127,1,0.999984,-0.00375318,-0.00421491,0,0.00373025,0.999978,-0.0054349,0,0.00423522,0.00541909,0.999976,0,-0.0232925,0.00477331,-0.671213,1,0.367973,0.200178,0.200178,0.671634,0.860443
