Index,NumMatches,NumInliers,pose00,pose01,pose02,pose03,pose10,pose11,pose12,pose13,pose20,pose21,pose22,pose23,pose30,pose31,pose32,pose33,motion00,motion01,motion02,motion03,motion10,motion11,motion12,motion13,motion20,motion21,motion22,motion23,motion30,motion31,motion32,motion33,errorR,errorT,errorM,motion,gtMotion
1,373,214,0.999988,0.00327343,0.00365412,0,-0.00329171,0.999982,0.00500845,0,-0.00363766,-0.00502042,0.999981,0,0.0104251,-0.0113829,0.66939,1,0.999988,-0.00329171,-0.00363766,0,0.00327343,0.999982,-0.00502042,0,0.00365412,0.00500845,0.999981,0,-0.0128338,0.00806438,-0.669396,1,0.323851,0.198525,0.198525,0.669568,0.860443
